{"accuracy": [0.2210526317358017, 0.3684210479259491, 0.410526305437088, 0.46315789222717285, 0.4736842215061188, 0.5894736647605896, 0.6315789222717285, 0.7263157963752747, 0.6736842393875122, 0.7052631378173828], "loss": [1.9338573217391968, 1.3331433534622192, 1.2670924663543701, 1.1768604516983032, 1.0918365716934204, 0.9946241974830627, 0.9903620481491089, 0.8478872179985046, 0.8138647675514221, 0.7606873512268066], "val_accuracy": [0.4526315927505493, 0.5368421077728271, 0.5684210658073425, 0.5263158082962036, 0.557894766330719, 0.6736842393875122, 0.6526315808296204, 0.6947368383407593, 0.75789475440979, 0.7473683953285217], "val_loss": [1.29173743724823, 1.2204724550247192, 1.125648856163025, 1.0739781856536865, 1.0059956312179565, 0.9128391742706299, 0.8314093351364136, 0.7717447280883789, 0.7025779485702515, 0.632655918598175]}