{"accuracy": [0.6947368383407593, 0.7157894968986511, 0.6315789222717285, 0.7368420958518982, 0.7789473533630371, 0.7894737124443054, 0.7789473533630371, 0.821052610874176, 0.8631578683853149, 0.8105263113975525], "loss": [0.8031361103057861, 0.7216533422470093, 0.805850088596344, 0.6041340231895447, 0.6582739353179932, 0.5491939187049866, 0.52738356590271, 0.47326359152793884, 0.37767112255096436, 0.4081263542175293], "val_accuracy": [0.75789475440979, 0.7473683953285217, 0.75789475440979, 0.8105263113975525, 0.800000011920929, 0.8526315689086914, 0.8631578683853149, 0.8631578683853149, 0.8421052694320679, 0.8842105269432068], "val_loss": [0.6925342082977295, 0.6378028988838196, 0.5942938923835754, 0.5522666573524475, 0.5197474956512451, 0.45173636078834534, 0.3973294794559479, 0.3713630139827728, 0.3510526120662689, 0.2990724742412567]}