{"accuracy": [0.790123462677002, 0.8024691343307495, 0.8518518805503845, 0.9012345671653748, 0.8395061492919922, 0.8518518805503845, 0.8148148059844971, 0.790123462677002, 0.8395061492919922, 0.8271604776382446], "loss": [0.45302969217300415, 0.4489188492298126, 0.4885140061378479, 0.394449919462204, 0.437878280878067, 0.4886873960494995, 0.48840901255607605, 0.396224707365036, 0.3758712112903595, 0.3731134831905365], "val_accuracy": [0.8271604776382446, 0.8888888955116272, 0.8395061492919922, 0.8271604776382446, 0.8518518805503845, 0.8888888955116272, 0.8641975522041321, 0.8765432238578796, 0.8765432238578796, 0.8765432238578796], "val_loss": [0.39421001076698303, 0.4072069227695465, 0.37969696521759033, 0.3650498688220978, 0.3742029070854187, 0.3296774923801422, 0.3134000897407532, 0.3191956877708435, 0.306680291891098, 0.28376659750938416]}